{"nodes": {"0": {"dim": 2}, "1": {"dim": 2}, "2": {"dim": 3}}, "factors": {"0": {"1": [[0.3, 0.7], [0.2, 0.8]], "2": [[0.2, 0.3, 0.5], [0.6, 0.1, 0.3]]}}, "observations": {}, "p_0": [[0.1, 0.9]], "marginals": {"1": [[0.21000000000000002, 0.79]], "2": [[0.56, 0.12000000000000001, 0.32]], "0": [[0.1, 0.9]]}}