{"nodes": {"0": {"dim": 2}, "1": {"dim": 2}, "2": {"dim": 2}, "3": {"dim": 2}, "4": {"dim": 2}, "5": {"dim": 2}, "6": {"dim": 2}}, "factors": {"0": {"1": [[0.9, 0.1], [0.73, 0.27]], "2": [[0.3, 0.7], [0.34, 0.66]]}, "1": {"3": [[0.07, 0.93], [0.4, 0.6]]}, "2": {"4": [[0.15, 0.85], [0.01, 0.99]], "5": [[0.79, 0.21], [0.13, 0.87]]}, "4": {"6": [[0.75, 0.25], [0.4, 0.6]]}}, "observations": {"4": 1, "0": 0}, "p_0": [[0.3, 0.7]], "marginals": {"3": [[0.10300000000000001, 0.897]], "1": [[0.9, 0.1]], "6": [[0.4, 0.6]], "4": [[0.0, 1.0]], "5": [[0.3075316455696203, 0.6924683544303797]], "2": [[0.2689873417721519, 0.7310126582278481]], "0": [[1.0, 0.0]]}}