{"nodes": {"0": {"dim": 2}, "1": {"dim": 3}, "2": {"dim": 3}, "3": {"dim": 2}}, "factors": {"0": {"1": [[0.45, 0.3, 0.25], [0.67, 0.13, 0.2]]}, "1": {"2": [[0.1, 0.2, 0.7], [0.3, 0.56, 0.14], [0.32, 0.38, 0.3]]}, "2": {"3": [[0.2, 0.8], [0.17, 0.83], [0.59, 0.41]]}}, "observations": {}, "p_0": [[0.1, 0.9]], "marginals": {"3": [[0.40022060000000004, 0.5997794000000001]], "2": [[0.17450000000000002, 0.28982, 0.5356799999999999]], "1": [[0.648, 0.147, 0.20499999999999996]], "0": [[0.1, 0.9]]}}