{"nodes": {"0": {"dim": 2}, "1": {"dim": 3}, "2": {"dim": 3}, "3": {"dim": 2}}, "factors": {"0": {"1": [[0.45, 0.3, 0.25], [0.67, 0.13, 0.2]]}, "1": {"2": [[0.1, 0.2, 0.7], [0.3, 0.56, 0.14], [0.32, 0.38, 0.3]]}, "2": {"3": [[0.2, 0.8], [0.17, 0.83], [0.59, 0.41]]}}, "observations": {"2": 2}, "p_0": [[0.1, 0.9]], "marginals": {"3": [[0.59, 0.41]], "2": [[0.0, 0.0, 1.0]], "1": [[0.8467741935483871, 0.03841845878136201, 0.11480734767025089]], "0": [[0.08064516129032259, 0.9193548387096774]]}}