{"nodes": {"0": {"dim": 2}, "1": {"dim": 2}, "2": {"dim": 3}}, "factors": {"0": {"1": [[0.3, 0.7], [0.2, 0.8]], "2": [[0.2, 0.3, 0.5], [0.6, 0.1, 0.3]]}}, "observations": {"2": 2}, "p_0": [[0.1, 0.9]], "marginals": {"1": [[0.215625, 0.7843749999999999]], "2": [[0.0, 0.0, 1.0]], "0": [[0.15625, 0.84375]]}}