{"nodes": {"0": {"dim": 2}, "1": {"dim": 2}, "2": {"dim": 2}, "3": {"dim": 2}, "4": {"dim": 2}, "5": {"dim": 2}, "6": {"dim": 2}}, "factors": {"0": {"1": [[0.9, 0.1], [0.73, 0.27]], "2": [[0.3, 0.7], [0.34, 0.66]]}, "1": {"3": [[0.07, 0.93], [0.4, 0.6]]}, "2": {"4": [[0.15, 0.85], [0.01, 0.99]], "5": [[0.79, 0.21], [0.13, 0.87]]}, "4": {"6": [[0.75, 0.25], [0.4, 0.6]]}}, "observations": {"0": 1, "6": 0}, "p_0": [[0.3, 0.7]], "marginals": {"3": [[0.15910000000000002, 0.8409]], "1": [[0.73, 0.27]], "6": [[1.0, 0.0]], "4": [[0.10281797410510282, 0.8971820258948972]], "5": [[0.37167222010662604, 0.628327779893374]], "2": [[0.36617003046458485, 0.633829969535415]], "0": [[0.0, 1.0]]}}